<code_scheme name="Default" version="173">
  <option name="RIGHT_MARGIN" value="100" />
  <ScalaCodeStyleSettings>
    <option name="collectImports" value="false" />
    <option name="importLayout">
      <array>
        <option value="java" />
        <option value="javax" />
        <option value="scala" />
        <option value="_______ blank line _______" />
        <option value="all other imports" />
        <option value="_______ blank line _______" />
        <option value="base package imports" />
        <option value="_______ blank line _______" />
        <option value="com.protegotrust" />
      </array>
    </option>
    <option name="FORMATTER" value="1" />
  </ScalaCodeStyleSettings>
</code_scheme>