<application>
  <component name="FeatureSuggesterSettings">
    <option name="workingDays">
      <list>
        <option value="1657903103515" />
        <option value="1658003439884" />
        <option value="1658079178027" />
        <option value="1658163045602" />
        <option value="1658242368474" />
        <option value="1658333964764" />
        <option value="1658416733949" />
        <option value="1658506270103" />
        <option value="1658603085989" />
        <option value="1658673746433" />
        <option value="1658771198584" />
        <option value="1658853586451" />
      </list>
    </option>
  </component>
</application>